<?xml version="1.0" encoding="UTF-8"?>
<!DOCTYPE mapper PUBLIC "-//mybatis.org//DTD Mapper 3.0//EN" 
"http://mybatis.org/dtd/mybatis-3-mapper.dtd">
<mapper namespace="com.edu.member">
	<!-- 여기서 경로를 지정해놓으면 나중에 select id가 같아도 금새 찾아갈 수 있음 -->
	
	
	
	
	<resultMap type="com.edu.member.vo.MemberVo" id="memberResultMap">
		<id column="MNO" property="no"/>  <!-- 기본키 컬럼에 대해선 id로 받음 -->
		<result column="MNAME" property="name"/> <!-- id가 result를 포함한 것 -->
		<result column="EMAIL" property="email"/>
		<result column="PWD" property="password"/>
		<result column="CRE_DATE" property="createDate" javaType="java.util.Date"/>
		<result column="MOD_DATE" property="modifiedDate" javaType="java.util.Date"/>
	</resultMap>
	
	<!-- <select id="memberSelectList" parameterType="map"
	resultMap="memberResultMap">
	우리가 받을 데이터를 mapping해주는 기술 resultMap
	select만이 필요함
		SELECT MNO, MNAME, EMAIL, CRE_DATE
		FROM MEMBERS
		ORDER BY MNO DESC
	
	</select>
	
	<select id="memberExist" parameterType="map"
		resultMap="memberResultMap"> -->
	
	
	<select id="memberSelectList" parameterType="map"
		resultMap="memberResultMap">
		SELECT RNUM, MNO, MNAME, EMAIL, CRE_DATE
		FROM(
			SELECT ROWNUM RNUM, M.MNO, M.MNAME, M.EMAIL, M.CRE_DATE
			FROM(
  				SELECT MNO, MNAME, EMAIL, CRE_DATE
    			FROM MEMBERS
    			<choose>
    				<when test="searchOption == 'title'">
		                WHERE EMAIL LIKE '%'||#{keyword}||'%'
    				</when>
    				<when test="searchOption == 'password'">
    					WHERE PWD LIKE '%'||#{keyword}||'%'
    				</when>
    				<!-- <otherwise>
    					WHERE PWD LIKE '%'||#{keyword}||'%'
    				</otherwise> -->
    			</choose>
    			ORDER BY MNO) M
			)MEMBERS
		WHERE RNUM BETWEEN #{start} AND #{end}
	
	</select>
	
	<!-- <select id="memberSearch" parameterType="map" resultMap="memberResultMap">
	
	SELECT RNUM, MNO, MNAME, EMAIL, CRE_DATE
		FROM(
			SELECT ROWNUM RNUM, M.MNO, M.MNAME, M.EMAIL, M.CRE_DATE
				FROM(
  				SELECT MNO, MNAME, EMAIL, CRE_DATE
    			FROM MEMBERS
    			<choose>
    				<when test="searchOption == 'title'">
		                WHERE NAME LIKE '%'||#{keyword}||'%'
    				</when>
    				<otherwise>
    					WHERE EMAIL LIKE '%'||#{keyword}||'%'
    				</otherwise>
    			</choose>
    			ORDER BY MNO) M
			)MEMBERS
	WHERE RNUM BETWEEN #{start} AND #{end};
	
	</select>
	 -->
	
	<select id="memberExist" parameterType="map"
		resultMap="memberResultMap">
	
		SELECT MNO, MNAME, EMAIL
		FROM MEMBERS
		WHERE EMAIL=#{email} AND PWD = #{pwd}
		<!-- map에 있는 데이터를 가져오는 기술 -->
		<!--css를 통해 #이 아이디라는걸 이미 알고있는 상태이니 훨씬 이해하기 수월 -->
		<!-- 예전 표현식을 그대로 쓰기 위한 프레임워크개발자들의 노력...! -->
		<!-- $는 jquery의 구분자임.. -->
		<!-- 주말에 jquery 꼭 공부. 흐ㅡ흑흑흐긓긓그ㅜㅜㅠㅜㅜㅠㅠㅡㅜㅡ,ㅠㅜㅡㅠ,ㅜㅡㅠㅡㅠㅡㅜ -->
		<!-- key를 적으면 절대 겹치지 않기때문에 map형태를 취한것임(*key값은 중복이 안된다!) -->
	</select>
	
	
	<select id="memberSelectTotalCount" resultType="int">
	
		    SELECT COUNT(*)
    FROM MEMBERS
    
    	<choose>
    		<when test="searchOption == 'title'">
    			WHERE EMAIL LIKE '%'||#{keyword}||'%'
    		</when>
    		<otherwise>
    			WHERE PWD LIKE '%'||#{keyword}||'%'
    		</otherwise>
    	</choose>
	
	</select>
	<!-- CRUD 모두 가능
	
	<select id="memberSelectList2" parameterType="map">
	parameterType : int, String, boolean, ...
	setString 부분이 이 parameterType
	where mno = 34; 하고싶으면 parameterType="int"로 쓰면 됨
	where mno = ${뭐시기}
	
	업무에서 원하는 select 문장을 적는다

	</select>  -->
	
	<insert id="memberInsertOne" 
		parameterType="com.edu.member.vo.MemberVo">
	
		INSERT INTO MEMBERS
			(MNO, EMAIL, PWD, MNAME, CRE_DATE, MOD_DATE)
			VALUES
			(MEMBERS_MNO_SEQ.NEXTVAL, #{email}, #{password}, #{name}, SYSDATE, SYSDATE)
	
	</insert>
	
	
	<select id="memberSelectOne" parameterType="int"
			resultMap="memberResultMap">
		SELECT MNO, MNAME, EMAIL, CRE_DATE
		FROM MEMBERS
		WHERE MNO = #{no}
		<!--  parameterType이 int면 변수명 아무거나 써도 됨
		 map이나 memberVo타입은 맞춰줘야 됨 -->
	
	</select>
	
	<update id="memberUpdateOne" parameterType="memberVo">
		UPDATE	MEMBERS
		<set>
			<if test="name != ''">MNAME = #{name},</if>
			<if test="email != ''">EMAIL = #{email},</if>
			<if test="password != ''">PWD = #{password},</if>
		    MOD_DATE = SYSDATE
		    <!-- 자동적으로 입력되는 값인 mod_date 빼면 나머지는 set태그 안으로 -->
		    <!-- 들여보냄 -->
		    <!-- 그중에서도 각 컬럼의 값이 ''(초기화)가 아닌 것들만 새로 세팅? -->
		    <!-- myBatis에선 마지막 set줄 끝에 쉼표(,)를 붙여도 오류가 안남! -->
		    <!-- set 태그의 힘 -->
		</set>
		WHERE MNO = #{no}
	</update>
	
	<delete id="memberDelete" parameterType="int">
		DELETE FROM MEMBERS
		WHERE MNO = #{no}
	
	</delete>
	
<!-- 	<select id="memberSelectTotalCount" resultType="int"> -->
	
<!-- 		SELECT COUNT(*) -->
<!-- 		FROM MEMBERS -->
	
<!-- 	</select> -->
	
	
	
	
	
	

</mapper>