<?xml version="1.0" encoding="UTF-8"?>
<!DOCTYPE mapper PUBLIC "-//mybatis.org//DTD Mapper 3.0//EN" "http://mybatis.org/dtd/mybatis-3-mapper.dtd">

<mapper namespace="com.edu.member">

	<resultMap type="com.edu.member.vo.MemberVo"
		id="memberResultMap">
		<id column="MNO" property="no" />
		<result column="MNAME" property="name" />
		<result column="EMAIL" property="email" />
		<result column="PWD" property="password" />
		<result column="CRE_DATE" property="createDate"
			javaType="java.util.Date" />
		<result column="MOD_DATE" property="modifiedDate"
			javaType="java.util.Date" />
	</resultMap>

	<select id="memberSelectList" parameterType="map"
		resultMap="memberResultMap">
		SELECT MNO, MNAME, EMAIL, CRE_DATE
		FROM MEMBERS
		ORDER BY MNO
		DESC
	</select>

	<select id="memberExist" parameterType="map"
		resultMap="memberResultMap">
		SELECT MNO, MNAME, EMAIL
		FROM MEMBERS
		WHERE EMAIL = #{email} AND PWD = #{pwd}
	</select>
	
	<insert id="memberInsertOne" 
		parameterType="com.edu.member.vo.MemberVo">
		INSERT INTO MEMBERS
		(MNO, EMAIL, PWD, MNAME, CRE_DATE, MOD_DATE)
		VALUES(MEMBERS_MNO_SEQ.NEXTVAL, #{email}, #{password},
				#{name}, SYSDATE, SYSDATE)
	</insert>

	<select id="memberSelectOne" parameterType="int"
		resultMap="memberResultMap">
		SELECT MNO, MNAME, EMAIL, CRE_DATE
		FROM MEMBERS
		WHERE MNO = #{no}
	</select>

	

	<delete id="memberDelete" parameterType="int">
		DELETE FROM MEMBERS
		WHERE MNO = #{no}
	</delete>

</mapper>